Workbook

Sheet How to use
B2: Alhaji Ibrahim Mehemoh · Free resource
B5: Data cleaning log
B6: A record of every problem found in a dataset and what was done about it, so changes can always be explained.
B8: HOW TO USE
B9: Step 1 | C9: Add one row for each problem you find, even if you fix it immediately.
B10: Step 2 | C10: Use the record ID from the dataset, never a person's name.
B11: Step 3 | C11: Choose the issue type and status from the drop-down lists.
B12: Step 4 | C12: Write the original value and the corrected value, so the change can be traced.
B13: Step 5 | C13: The Summary sheet counts issues by type and status automatically. Share it with your monthly report.
B15: COLOUR KEY
C16: White cells: type your data here
C17: Grey cells: formulas, do not type over them
C18: Amber rows: an example. Delete or overwrite it when you start
B20: Privacy: do not store patient names, phone numbers or ID numbers in this file.
B22: Free to use and adapt. Please keep this credit line. · alhajiimehemoh.github.io · Need it tailored? alhajiimehemoh@gmail.com

Sheet Log
A1: Data cleaning log
A2: Type in white cells. Grey cells calculate automatically. See the How to use sheet.
A4: Date found | B4: Dataset or form | C4: Record ID | D4: Field | E4: Issue type | F4: Original value | G4: Corrected value | H4: Action taken | I4: Status | J4: Found by (role) | K4: Date closed
A5: 2026-01-15 | B5: Example: EPI monthly form | C5: R-0142 | D5: children_vaccinated | E5: Out of range | F5: 1500 | G5: 150 | H5: Confirmed with facility: extra zero typed | I5: Fixed | J5: Data officer | K5: 2026-01-16
A6: 2026-01-15 | B6: Example: EPI monthly form | C6: R-0157 | D6: facility | E6: Duplicate | F6: R-0157 and R-0158 | H6: Asked facility which submission is correct | I6: Query sent | J6: Data officer
A7: 2026-01-16 | B7: Example: Household survey | C7: H-0031 | D7: location | E7: GPS error | F7: Outside district | H7: Flagged for re-visit | I7: Open | J7: Supervisor

Sheet Summary
A1: Summary
A2: Counts include the three amber example rows on the Log sheet until you delete them.
A4: Issue type | B4: Open | C4: Query sent | D4: Fixed | E4: Cannot fix | F4: Total
A5: Missing value | B5: =COUNTIFS(Log!$E$5:$E$207,$A5,Log!$I$5:$I$207,"Open") -> 0 | C5: =COUNTIFS(Log!$E$5:$E$207,$A5,Log!$I$5:$I$207,"Query sent") -> 0 | D5: =COUNTIFS(Log!$E$5:$E$207,$A5,Log!$I$5:$I$207,"Fixed") -> 0 | E5: =COUNTIFS(Log!$E$5:$E$207,$A5,Log!$I$5:$I$207,"Cannot fix") -> 0 | F5: =SUM(B5:E5) -> 0
A6: Duplicate | B6: =COUNTIFS(Log!$E$5:$E$207,$A6,Log!$I$5:$I$207,"Open") -> 0 | C6: =COUNTIFS(Log!$E$5:$E$207,$A6,Log!$I$5:$I$207,"Query sent") -> 1 | D6: =COUNTIFS(Log!$E$5:$E$207,$A6,Log!$I$5:$I$207,"Fixed") -> 0 | E6: =COUNTIFS(Log!$E$5:$E$207,$A6,Log!$I$5:$I$207,"Cannot fix") -> 0 | F6: =SUM(B6:E6) -> 1
A7: Out of range | B7: =COUNTIFS(Log!$E$5:$E$207,$A7,Log!$I$5:$I$207,"Open") -> 0 | C7: =COUNTIFS(Log!$E$5:$E$207,$A7,Log!$I$5:$I$207,"Query sent") -> 0 | D7: =COUNTIFS(Log!$E$5:$E$207,$A7,Log!$I$5:$I$207,"Fixed") -> 1 | E7: =COUNTIFS(Log!$E$5:$E$207,$A7,Log!$I$5:$I$207,"Cannot fix") -> 0 | F7: =SUM(B7:E7) -> 1
A8: Inconsistent | B8: =COUNTIFS(Log!$E$5:$E$207,$A8,Log!$I$5:$I$207,"Open") -> 0 | C8: =COUNTIFS(Log!$E$5:$E$207,$A8,Log!$I$5:$I$207,"Query sent") -> 0 | D8: =COUNTIFS(Log!$E$5:$E$207,$A8,Log!$I$5:$I$207,"Fixed") -> 0 | E8: =COUNTIFS(Log!$E$5:$E$207,$A8,Log!$I$5:$I$207,"Cannot fix") -> 0 | F8: =SUM(B8:E8) -> 0
A9: GPS error | B9: =COUNTIFS(Log!$E$5:$E$207,$A9,Log!$I$5:$I$207,"Open") -> 1 | C9: =COUNTIFS(Log!$E$5:$E$207,$A9,Log!$I$5:$I$207,"Query sent") -> 0 | D9: =COUNTIFS(Log!$E$5:$E$207,$A9,Log!$I$5:$I$207,"Fixed") -> 0 | E9: =COUNTIFS(Log!$E$5:$E$207,$A9,Log!$I$5:$I$207,"Cannot fix") -> 0 | F9: =SUM(B9:E9) -> 1
A10: Wrong date | B10: =COUNTIFS(Log!$E$5:$E$207,$A10,Log!$I$5:$I$207,"Open") -> 0 | C10: =COUNTIFS(Log!$E$5:$E$207,$A10,Log!$I$5:$I$207,"Query sent") -> 0 | D10: =COUNTIFS(Log!$E$5:$E$207,$A10,Log!$I$5:$I$207,"Fixed") -> 0 | E10: =COUNTIFS(Log!$E$5:$E$207,$A10,Log!$I$5:$I$207,"Cannot fix") -> 0 | F10: =SUM(B10:E10) -> 0
A11: Wrong code | B11: =COUNTIFS(Log!$E$5:$E$207,$A11,Log!$I$5:$I$207,"Open") -> 0 | C11: =COUNTIFS(Log!$E$5:$E$207,$A11,Log!$I$5:$I$207,"Query sent") -> 0 | D11: =COUNTIFS(Log!$E$5:$E$207,$A11,Log!$I$5:$I$207,"Fixed") -> 0 | E11: =COUNTIFS(Log!$E$5:$E$207,$A11,Log!$I$5:$I$207,"Cannot fix") -> 0 | F11: =SUM(B11:E11) -> 0
A12: Other | B12: =COUNTIFS(Log!$E$5:$E$207,$A12,Log!$I$5:$I$207,"Open") -> 0 | C12: =COUNTIFS(Log!$E$5:$E$207,$A12,Log!$I$5:$I$207,"Query sent") -> 0 | D12: =COUNTIFS(Log!$E$5:$E$207,$A12,Log!$I$5:$I$207,"Fixed") -> 0 | E12: =COUNTIFS(Log!$E$5:$E$207,$A12,Log!$I$5:$I$207,"Cannot fix") -> 0 | F12: =SUM(B12:E12) -> 0
A13: Total | B13: =SUM(B5:B12) -> 1 | C13: =SUM(C5:C12) -> 1 | D13: =SUM(D5:D12) -> 1 | E13: =SUM(E5:E12) -> 0 | F13: =SUM(F5:F12) -> 3
