Workbook

Sheet How to use
B2: Alhaji Ibrahim Mehemoh · Free resource
B5: Indicator tracker
B6: Track quarterly progress against annual targets for count indicators, such as people trained or doses given.
B8: HOW TO USE
B9: Step 1 | C9: List each indicator in the Tracker sheet with its unit and annual target.
B10: Step 2 | C10: Enter each quarter's result as it comes in. Leave future quarters empty.
B11: Step 3 | C11: Year to date, percent of target and status calculate automatically.
B12: Step 4 | C12: Adjust the status thresholds in the Settings sheet to match your programme.
B13: Step 5 | C13: Delete the three amber example rows when you start.
B14: Step 6 | C14: Use this for counts only. For percentages and rates, report the latest value instead of adding quarters.
B16: COLOUR KEY
C17: White cells: type your data here
C18: Grey cells: formulas, do not type over them
C19: Amber rows: an example. Delete or overwrite it when you start
B21: Privacy: do not store patient names, phone numbers or ID numbers in this file.
B23: Free to use and adapt. Please keep this credit line. · alhajiimehemoh.github.io · Need it tailored? alhajiimehemoh@gmail.com

Sheet Tracker
A1: Indicator tracker
A2: Type in white cells. Grey cells calculate automatically. See the How to use sheet.
A4: Indicator | B4: Unit | C4: Baseline | D4: Annual target | E4: Q1 | F4: Q2 | G4: Q3 | H4: Q4 | I4: Year to date | J4: % of annual target | K4: Expected by now | L4: Status | M4: Comment
A5: Example: Health workers trained in data quality | B5: people | C5: 0 | D5: 120 | E5: 30 | F5: 25 | I5: =IF(A5="","",SUM(E5:H5)) -> 55 | J5: =IF(OR(A5="",N(D5)=0),"",I5/D5) -> 0.45833333 | K5: =IF(COUNT(E5:H5)=0,"",COUNT(E5:H5)*0.25) -> 0.5 | L5: =IF(OR(J5="",K5=""),"",IF(J5/K5>=Settings!$B$3,"On track",IF(J5/K5>=Settings!$B$4,"Watch","Behind"))) -> On track | M5: Example row
A6: Example: Supervision visits completed | B6: visits | C6: 0 | D6: 48 | E6: 8 | F6: 9 | I6: =IF(A6="","",SUM(E6:H6)) -> 17 | J6: =IF(OR(A6="",N(D6)=0),"",I6/D6) -> 0.35416667 | K6: =IF(COUNT(E6:H6)=0,"",COUNT(E6:H6)*0.25) -> 0.5 | L6: =IF(OR(J6="",K6=""),"",IF(J6/K6>=Settings!$B$3,"On track",IF(J6/K6>=Settings!$B$4,"Watch","Behind"))) -> Watch | M6: Example row
A7: Example: Facilities reporting on time | B7: reports | C7: 0 | D7: 240 | E7: 25 | F7: 20 | I7: =IF(A7="","",SUM(E7:H7)) -> 45 | J7: =IF(OR(A7="",N(D7)=0),"",I7/D7) -> 0.1875 | K7: =IF(COUNT(E7:H7)=0,"",COUNT(E7:H7)*0.25) -> 0.5 | L7: =IF(OR(J7="",K7=""),"",IF(J7/K7>=Settings!$B$3,"On track",IF(J7/K7>=Settings!$B$4,"Watch","Behind"))) -> Behind | M7: Example row
I8: =IF(A8="","",SUM(E8:H8)) | J8: =IF(OR(A8="",N(D8)=0),"",I8/D8) | K8: =IF(COUNT(E8:H8)=0,"",COUNT(E8:H8)*0.25) | L8: =IF(OR(J8="",K8=""),"",IF(J8/K8>=Settings!$B$3,"On track",IF(J8/K8>=Settings!$B$4,"Watch","Behind")))
I9: =IF(A9="","",SUM(E9:H9)) | J9: =IF(OR(A9="",N(D9)=0),"",I9/D9) | K9: =IF(COUNT(E9:H9)=0,"",COUNT(E9:H9)*0.25) | L9: =IF(OR(J9="",K9=""),"",IF(J9/K9>=Settings!$B$3,"On track",IF(J9/K9>=Settings!$B$4,"Watch","Behind")))
I10: =IF(A10="","",SUM(E10:H10)) | J10: =IF(OR(A10="",N(D10)=0),"",I10/D10) | K10: =IF(COUNT(E10:H10)=0,"",COUNT(E10:H10)*0.25) | L10: =IF(OR(J10="",K10=""),"",IF(J10/K10>=Settings!$B$3,"On track",IF(J10/K10>=Settings!$B$4,"Watch","Behind")))
I11: =IF(A11="","",SUM(E11:H11)) | J11: =IF(OR(A11="",N(D11)=0),"",I11/D11) | K11: =IF(COUNT(E11:H11)=0,"",COUNT(E11:H11)*0.25) | L11: =IF(OR(J11="",K11=""),"",IF(J11/K11>=Settings!$B$3,"On track",IF(J11/K11>=Settings!$B$4,"Watch","Behind")))
I12: =IF(A12="","",SUM(E12:H12)) | J12: =IF(OR(A12="",N(D12)=0),"",I12/D12) | K12: =IF(COUNT(E12:H12)=0,"",COUNT(E12:H12)*0.25) | L12: =IF(OR(J12="",K12=""),"",IF(J12/K12>=Settings!$B$3,"On track",IF(J12/K12>=Settings!$B$4,"Watch","Behind")))
I13: =IF(A13="","",SUM(E13:H13)) | J13: =IF(OR(A13="",N(D13)=0),"",I13/D13) | K13: =IF(COUNT(E13:H13)=0,"",COUNT(E13:H13)*0.25) | L13: =IF(OR(J13="",K13=""),"",IF(J13/K13>=Settings!$B$3,"On track",IF(J13/K13>=Settings!$B$4,"Watch","Behind")))
I14: =IF(A14="","",SUM(E14:H14)) | J14: =IF(OR(A14="",N(D14)=0),"",I14/D14) | K14: =IF(COUNT(E14:H14)=0,"",COUNT(E14:H14)*0.25) | L14: =IF(OR(J14="",K14=""),"",IF(J14/K14>=Settings!$B$3,"On track",IF(J14/K14>=Settings!$B$4,"Watch","Behind")))
I15: =IF(A15="","",SUM(E15:H15)) | J15: =IF(OR(A15="",N(D15)=0),"",I15/D15) | K15: =IF(COUNT(E15:H15)=0,"",COUNT(E15:H15)*0.25) | L15: =IF(OR(J15="",K15=""),"",IF(J15/K15>=Settings!$B$3,"On track",IF(J15/K15>=Settings!$B$4,"Watch","Behind")))
I16: =IF(A16="","",SUM(E16:H16)) | J16: =IF(OR(A16="",N(D16)=0),"",I16/D16) | K16: =IF(COUNT(E16:H16)=0,"",COUNT(E16:H16)*0.25) | L16: =IF(OR(J16="",K16=""),"",IF(J16/K16>=Settings!$B$3,"On track",IF(J16/K16>=Settings!$B$4,"Watch","Behind")))
I17: =IF(A17="","",SUM(E17:H17)) | J17: =IF(OR(A17="",N(D17)=0),"",I17/D17) | K17: =IF(COUNT(E17:H17)=0,"",COUNT(E17:H17)*0.25) | L17: =IF(OR(J17="",K17=""),"",IF(J17/K17>=Settings!$B$3,"On track",IF(J17/K17>=Settings!$B$4,"Watch","Behind")))
I18: =IF(A18="","",SUM(E18:H18)) | J18: =IF(OR(A18="",N(D18)=0),"",I18/D18) | K18: =IF(COUNT(E18:H18)=0,"",COUNT(E18:H18)*0.25) | L18: =IF(OR(J18="",K18=""),"",IF(J18/K18>=Settings!$B$3,"On track",IF(J18/K18>=Settings!$B$4,"Watch","Behind")))
I19: =IF(A19="","",SUM(E19:H19)) | J19: =IF(OR(A19="",N(D19)=0),"",I19/D19) | K19: =IF(COUNT(E19:H19)=0,"",COUNT(E19:H19)*0.25) | L19: =IF(OR(J19="",K19=""),"",IF(J19/K19>=Settings!$B$3,"On track",IF(J19/K19>=Settings!$B$4,"Watch","Behind")))
... I32: =IF(A32="","",SUM(E32:H32)) | J32: =IF(OR(A32="",N(D32)=0),"",I32/D32) | K32: =IF(COUNT(E32:H32)=0,"",COUNT(E32:H32)*0.25) | L32: =IF(OR(J32="",K32=""),"",IF(J32/K32>=Settings!$B$3,"On track",IF(J32/K32>=Settings!$B$4,"Watch","Behind")))

Sheet Settings
A1: Status thresholds (share of annual target reached so far)
A3: On track at or above | B3: 0.9
A4: Watch at or above | B4: 0.6
A6: Expected progress: Q1 25%, Q2 50%, Q3 75%, Q4 100%. Status compares year to date with the share expected by the latest quarter entered.
