Workbook

Sheet How to use
B2: Alhaji Ibrahim Mehemoh · Free resource
B5: Reporting timeliness tracker
B6: See at a glance which facilities report on time, which are late and which have not reported, month by month.
B8: HOW TO USE
B9: Step 1 | C9: Set the year and the monthly deadline day in the Settings sheet.
B10: Step 2 | C10: List each facility once in column A of the Received sheet.
B11: Step 3 | C11: When a report arrives, type the date it arrived under that month.
B12: Step 4 | C12: The Status sheet shows On time, Late or Missing. Missing appears only after the deadline has passed.
B13: Step 5 | C13: The Summary sheet gives completeness and timeliness rates per month and a chart. Delete the three amber example facilities when you start.
B15: COLOUR KEY
C16: White cells: type your data here
C17: Grey cells: formulas, do not type over them
C18: Amber rows: an example. Delete or overwrite it when you start
B20: Privacy: do not store patient names, phone numbers or ID numbers in this file.
B22: Free to use and adapt. Please keep this credit line. · alhajiimehemoh.github.io · Need it tailored? alhajiimehemoh@gmail.com

Sheet Received
A1: Date each report was received
A2: Type in white cells. Grey cells calculate automatically. See the How to use sheet.
A4: Facility | B4: Jan | C4: Feb | D4: Mar | E4: Apr | F4: May | G4: Jun | H4: Jul | I4: Aug | J4: Sep | K4: Oct | L4: Nov | M4: Dec
A5: Example: Facility A | B5: 46056 | C5: 46085 | D5: 46114 | E5: 46147 | F5: 46176 | G5: 46207 | H5: 46236 | I5: 46268 | J5: 46299
A6: Example: Facility B | B6: 46059 | C6: 46085 | D6: 46121 | E6: 46147 | F6: 46185 | G6: 46207 | H6: 46239 | I6: 46272 | J6: 46300
A7: Example: Facility C | B7: 46057 | D7: 46117 | E7: 46145 | G7: 46208 | H7: 46240 | I7: 46269

Sheet Status
A1: Status by month
A2: Type in white cells. Grey cells calculate automatically. See the How to use sheet.
A4: Facility | B4: Jan | C4: Feb | D4: Mar | E4: Apr | F4: May | G4: Jun | H4: Jul | I4: Aug | J4: Sep | K4: Oct | L4: Nov | M4: Dec
A5: =IF(Received!A5="","",Received!A5) -> Example: Facility A | B5: =IF(Received!$A5="","",IF(Received!B5="",IF(TODAY()>DATE(Settings!$B$3,2,Settings!$B$4),"Missing",""),IF(Received!B5<=DATE(Settings!$B$3,2,Settings!$B$4),"On time","Late"))) -> On time | C5: =IF(Received!$A5="","",IF(Received!C5="",IF(TODAY()>DATE(Settings!$B$3,3,Settings!$B$4),"Missing",""),IF(Received!C5<=DATE(Settings!$B$3,3,Settings!$B$4),"On time","Late"))) -> On time | D5: =IF(Received!$A5="","",IF(Received!D5="",IF(TODAY()>DATE(Settings!$B$3,4,Settings!$B$4),"Missing",""),IF(Received!D5<=DATE(Settings!$B$3,4,Settings!$B$4),"On time","Late"))) -> On time | E5: =IF(Received!$A5="","",IF(Received!E5="",IF(TODAY()>DATE(Settings!$B$3,5,Settings!$B$4),"Missing",""),IF(Received!E5<=DATE(Settings!$B$3,5,Settings!$B$4),"On time","Late"))) -> On time | F5: =IF(Received!$A5="","",IF(Received!F5="",IF(TODAY()>DATE(Settings!$B$3,6,Settings!$B$4),"Missing",""),IF(Received!F5<=DATE(Settings!$B$3,6,Settings!$B$4),"On time","Late"))) -> On time | G5: =IF(Received!$A5="","",IF(Received!G5="",IF(TODAY()>DATE(Settings!$B$3,7,Settings!$B$4),"Missing",""),IF(Received!G5<=DATE(Settings!$B$3,7,Settings!$B$4),"On time","Late"))) -> On time | H5: =IF(Received!$A5="","",IF(Received!H5="",IF(TODAY()>DATE(Settings!$B$3,8,Settings!$B$4),"Missing",""),IF(Received!H5<=DATE(Settings!$B$3,8,Settings!$B$4),"On time","Late"))) -> On time | I5: =IF(Received!$A5="","",IF(Received!I5="",IF(TODAY()>DATE(Settings!$B$3,9,Settings!$B$4),"Missing",""),IF(Received!I5<=DATE(Settings!$B$3,9,Settings!$B$4),"On time","Late"))) -> On time | J5: =IF(Received!$A5="","",IF(Received!J5="",IF(TODAY()>DATE(Settings!$B$3,10,Settings!$B$4),"Missing",""),IF(Received!J5<=DATE(Settings!$B$3,10,Settings!$B$4),"On time","Late"))) -> On time | K5: =IF(Received!$A5="","",IF(Received!K5="",IF(TODAY()>DATE(Settings!$B$3,11,Settings!$B$4),"Missing",""),IF(Received!K5<=DATE(Settings!$B$3,11,Settings!$B$4),"On time","Late"))) | L5: =IF(Received!$A5="","",IF(Received!L5="",IF(TODAY()>DATE(Settings!$B$3,12,Settings!$B$4),"Missing",""),IF(Received!L5<=DATE(Settings!$B$3,12,Settings!$B$4),"On time","Late"))) | M5: =IF(Received!$A5="","",IF(Received!M5="",IF(TODAY()>DATE(Settings!$B$3,13,Settings!$B$4),"Missing",""),IF(Received!M5<=DATE(Settings!$B$3,13,Settings!$B$4),"On time","Late")))
A6: =IF(Received!A6="","",Received!A6) -> Example: Facility B | B6: =IF(Received!$A6="","",IF(Received!B6="",IF(TODAY()>DATE(Settings!$B$3,2,Settings!$B$4),"Missing",""),IF(Received!B6<=DATE(Settings!$B$3,2,Settings!$B$4),"On time","Late"))) -> Late | C6: =IF(Received!$A6="","",IF(Received!C6="",IF(TODAY()>DATE(Settings!$B$3,3,Settings!$B$4),"Missing",""),IF(Received!C6<=DATE(Settings!$B$3,3,Settings!$B$4),"On time","Late"))) -> On time | D6: =IF(Received!$A6="","",IF(Received!D6="",IF(TODAY()>DATE(Settings!$B$3,4,Settings!$B$4),"Missing",""),IF(Received!D6<=DATE(Settings!$B$3,4,Settings!$B$4),"On time","Late"))) -> Late | E6: =IF(Received!$A6="","",IF(Received!E6="",IF(TODAY()>DATE(Settings!$B$3,5,Settings!$B$4),"Missing",""),IF(Received!E6<=DATE(Settings!$B$3,5,Settings!$B$4),"On time","Late"))) -> On time | F6: =IF(Received!$A6="","",IF(Received!F6="",IF(TODAY()>DATE(Settings!$B$3,6,Settings!$B$4),"Missing",""),IF(Received!F6<=DATE(Settings!$B$3,6,Settings!$B$4),"On time","Late"))) -> Late | G6: =IF(Received!$A6="","",IF(Received!G6="",IF(TODAY()>DATE(Settings!$B$3,7,Settings!$B$4),"Missing",""),IF(Received!G6<=DATE(Settings!$B$3,7,Settings!$B$4),"On time","Late"))) -> On time | H6: =IF(Received!$A6="","",IF(Received!H6="",IF(TODAY()>DATE(Settings!$B$3,8,Settings!$B$4),"Missing",""),IF(Received!H6<=DATE(Settings!$B$3,8,Settings!$B$4),"On time","Late"))) -> On time | I6: =IF(Received!$A6="","",IF(Received!I6="",IF(TODAY()>DATE(Settings!$B$3,9,Settings!$B$4),"Missing",""),IF(Received!I6<=DATE(Settings!$B$3,9,Settings!$B$4),"On time","Late"))) -> Late | J6: =IF(Received!$A6="","",IF(Received!J6="",IF(TODAY()>DATE(Settings!$B$3,10,Settings!$B$4),"Missing",""),IF(Received!J6<=DATE(Settings!$B$3,10,Settings!$B$4),"On time","Late"))) -> On time | K6: =IF(Received!$A6="","",IF(Received!K6="",IF(TODAY()>DATE(Settings!$B$3,11,Settings!$B$4),"Missing",""),IF(Received!K6<=DATE(Settings!$B$3,11,Settings!$B$4),"On time","Late"))) | L6: =IF(Received!$A6="","",IF(Received!L6="",IF(TODAY()>DATE(Settings!$B$3,12,Settings!$B$4),"Missing",""),IF(Received!L6<=DATE(Settings!$B$3,12,Settings!$B$4),"On time","Late"))) | M6: =IF(Received!$A6="","",IF(Received!M6="",IF(TODAY()>DATE(Settings!$B$3,13,Settings!$B$4),"Missing",""),IF(Received!M6<=DATE(Settings!$B$3,13,Settings!$B$4),"On time","Late")))
A7: =IF(Received!A7="","",Received!A7) -> Example: Facility C | B7: =IF(Received!$A7="","",IF(Received!B7="",IF(TODAY()>DATE(Settings!$B$3,2,Settings!$B$4),"Missing",""),IF(Received!B7<=DATE(Settings!$B$3,2,Settings!$B$4),"On time","Late"))) -> On time | C7: =IF(Received!$A7="","",IF(Received!C7="",IF(TODAY()>DATE(Settings!$B$3,3,Settings!$B$4),"Missing",""),IF(Received!C7<=DATE(Settings!$B$3,3,Settings!$B$4),"On time","Late"))) -> Missing | D7: =IF(Received!$A7="","",IF(Received!D7="",IF(TODAY()>DATE(Settings!$B$3,4,Settings!$B$4),"Missing",""),IF(Received!D7<=DATE(Settings!$B$3,4,Settings!$B$4),"On time","Late"))) -> On time | E7: =IF(Received!$A7="","",IF(Received!E7="",IF(TODAY()>DATE(Settings!$B$3,5,Settings!$B$4),"Missing",""),IF(Received!E7<=DATE(Settings!$B$3,5,Settings!$B$4),"On time","Late"))) -> On time | F7: =IF(Received!$A7="","",IF(Received!F7="",IF(TODAY()>DATE(Settings!$B$3,6,Settings!$B$4),"Missing",""),IF(Received!F7<=DATE(Settings!$B$3,6,Settings!$B$4),"On time","Late"))) -> Missing | G7: =IF(Received!$A7="","",IF(Received!G7="",IF(TODAY()>DATE(Settings!$B$3,7,Settings!$B$4),"Missing",""),IF(Received!G7<=DATE(Settings!$B$3,7,Settings!$B$4),"On time","Late"))) -> On time | H7: =IF(Received!$A7="","",IF(Received!H7="",IF(TODAY()>DATE(Settings!$B$3,8,Settings!$B$4),"Missing",""),IF(Received!H7<=DATE(Settings!$B$3,8,Settings!$B$4),"On time","Late"))) -> Late | I7: =IF(Received!$A7="","",IF(Received!I7="",IF(TODAY()>DATE(Settings!$B$3,9,Settings!$B$4),"Missing",""),IF(Received!I7<=DATE(Settings!$B$3,9,Settings!$B$4),"On time","Late"))) -> On time | J7: =IF(Received!$A7="","",IF(Received!J7="",IF(TODAY()>DATE(Settings!$B$3,10,Settings!$B$4),"Missing",""),IF(Received!J7<=DATE(Settings!$B$3,10,Settings!$B$4),"On time","Late"))) -> Missing | K7: =IF(Received!$A7="","",IF(Received!K7="",IF(TODAY()>DATE(Settings!$B$3,11,Settings!$B$4),"Missing",""),IF(Received!K7<=DATE(Settings!$B$3,11,Settings!$B$4),"On time","Late"))) | L7: =IF(Received!$A7="","",IF(Received!L7="",IF(TODAY()>DATE(Settings!$B$3,12,Settings!$B$4),"Missing",""),IF(Received!L7<=DATE(Settings!$B$3,12,Settings!$B$4),"On time","Late"))) | M7: =IF(Received!$A7="","",IF(Received!M7="",IF(TODAY()>DATE(Settings!$B$3,13,Settings!$B$4),"Missing",""),IF(Received!M7<=DATE(Settings!$B$3,13,Settings!$B$4),"On time","Late")))
A8: =IF(Received!A8="","",Received!A8) | B8: =IF(Received!$A8="","",IF(Received!B8="",IF(TODAY()>DATE(Settings!$B$3,2,Settings!$B$4),"Missing",""),IF(Received!B8<=DATE(Settings!$B$3,2,Settings!$B$4),"On time","Late"))) | C8: =IF(Received!$A8="","",IF(Received!C8="",IF(TODAY()>DATE(Settings!$B$3,3,Settings!$B$4),"Missing",""),IF(Received!C8<=DATE(Settings!$B$3,3,Settings!$B$4),"On time","Late"))) | D8: =IF(Received!$A8="","",IF(Received!D8="",IF(TODAY()>DATE(Settings!$B$3,4,Settings!$B$4),"Missing",""),IF(Received!D8<=DATE(Settings!$B$3,4,Settings!$B$4),"On time","Late"))) | E8: =IF(Received!$A8="","",IF(Received!E8="",IF(TODAY()>DATE(Settings!$B$3,5,Settings!$B$4),"Missing",""),IF(Received!E8<=DATE(Settings!$B$3,5,Settings!$B$4),"On time","Late"))) | F8: =IF(Received!$A8="","",IF(Received!F8="",IF(TODAY()>DATE(Settings!$B$3,6,Settings!$B$4),"Missing",""),IF(Received!F8<=DATE(Settings!$B$3,6,Settings!$B$4),"On time","Late"))) | G8: =IF(Received!$A8="","",IF(Received!G8="",IF(TODAY()>DATE(Settings!$B$3,7,Settings!$B$4),"Missing",""),IF(Received!G8<=DATE(Settings!$B$3,7,Settings!$B$4),"On time","Late"))) | H8: =IF(Received!$A8="","",IF(Received!H8="",IF(TODAY()>DATE(Settings!$B$3,8,Settings!$B$4),"Missing",""),IF(Received!H8<=DATE(Settings!$B$3,8,Settings!$B$4),"On time","Late"))) | I8: =IF(Received!$A8="","",IF(Received!I8="",IF(TODAY()>DATE(Settings!$B$3,9,Settings!$B$4),"Missing",""),IF(Received!I8<=DATE(Settings!$B$3,9,Settings!$B$4),"On time","Late"))) | J8: =IF(Received!$A8="","",IF(Received!J8="",IF(TODAY()>DATE(Settings!$B$3,10,Settings!$B$4),"Missing",""),IF(Received!J8<=DATE(Settings!$B$3,10,Settings!$B$4),"On time","Late"))) | K8: =IF(Received!$A8="","",IF(Received!K8="",IF(TODAY()>DATE(Settings!$B$3,11,Settings!$B$4),"Missing",""),IF(Received!K8<=DATE(Settings!$B$3,11,Settings!$B$4),"On time","Late"))) | L8: =IF(Received!$A8="","",IF(Received!L8="",IF(TODAY()>DATE(Settings!$B$3,12,Settings!$B$4),"Missing",""),IF(Received!L8<=DATE(Settings!$B$3,12,Settings!$B$4),"On time","Late"))) | M8: =IF(Received!$A8="","",IF(Received!M8="",IF(TODAY()>DATE(Settings!$B$3,13,Settings!$B$4),"Missing",""),IF(Received!M8<=DATE(Settings!$B$3,13,Settings!$B$4),"On time","Late")))
A9: =IF(Received!A9="","",Received!A9) | B9: =IF(Received!$A9="","",IF(Received!B9="",IF(TODAY()>DATE(Settings!$B$3,2,Settings!$B$4),"Missing",""),IF(Received!B9<=DATE(Settings!$B$3,2,Settings!$B$4),"On time","Late"))) | C9: =IF(Received!$A9="","",IF(Received!C9="",IF(TODAY()>DATE(Settings!$B$3,3,Settings!$B$4),"Missing",""),IF(Received!C9<=DATE(Settings!$B$3,3,Settings!$B$4),"On time","Late"))) | D9: =IF(Received!$A9="","",IF(Received!D9="",IF(TODAY()>DATE(Settings!$B$3,4,Settings!$B$4),"Missing",""),IF(Received!D9<=DATE(Settings!$B$3,4,Settings!$B$4),"On time","Late"))) | E9: =IF(Received!$A9="","",IF(Received!E9="",IF(TODAY()>DATE(Settings!$B$3,5,Settings!$B$4),"Missing",""),IF(Received!E9<=DATE(Settings!$B$3,5,Settings!$B$4),"On time","Late"))) | F9: =IF(Received!$A9="","",IF(Received!F9="",IF(TODAY()>DATE(Settings!$B$3,6,Settings!$B$4),"Missing",""),IF(Received!F9<=DATE(Settings!$B$3,6,Settings!$B$4),"On time","Late"))) | G9: =IF(Received!$A9="","",IF(Received!G9="",IF(TODAY()>DATE(Settings!$B$3,7,Settings!$B$4),"Missing",""),IF(Received!G9<=DATE(Settings!$B$3,7,Settings!$B$4),"On time","Late"))) | H9: =IF(Received!$A9="","",IF(Received!H9="",IF(TODAY()>DATE(Settings!$B$3,8,Settings!$B$4),"Missing",""),IF(Received!H9<=DATE(Settings!$B$3,8,Settings!$B$4),"On time","Late"))) | I9: =IF(Received!$A9="","",IF(Received!I9="",IF(TODAY()>DATE(Settings!$B$3,9,Settings!$B$4),"Missing",""),IF(Received!I9<=DATE(Settings!$B$3,9,Settings!$B$4),"On time","Late"))) | J9: =IF(Received!$A9="","",IF(Received!J9="",IF(TODAY()>DATE(Settings!$B$3,10,Settings!$B$4),"Missing",""),IF(Received!J9<=DATE(Settings!$B$3,10,Settings!$B$4),"On time","Late"))) | K9: =IF(Received!$A9="","",IF(Received!K9="",IF(TODAY()>DATE(Settings!$B$3,11,Settings!$B$4),"Missing",""),IF(Received!K9<=DATE(Settings!$B$3,11,Settings!$B$4),"On time","Late"))) | L9: =IF(Received!$A9="","",IF(Received!L9="",IF(TODAY()>DATE(Settings!$B$3,12,Settings!$B$4),"Missing",""),IF(Received!L9<=DATE(Settings!$B$3,12,Settings!$B$4),"On time","Late"))) | M9: =IF(Received!$A9="","",IF(Received!M9="",IF(TODAY()>DATE(Settings!$B$3,13,Settings!$B$4),"Missing",""),IF(Received!M9<=DATE(Settings!$B$3,13,Settings!$B$4),"On time","Late")))
A10: =IF(Received!A10="","",Received!A10) | B10: =IF(Received!$A10="","",IF(Received!B10="",IF(TODAY()>DATE(Settings!$B$3,2,Settings!$B$4),"Missing",""),IF(Received!B10<=DATE(Settings!$B$3,2,Settings!$B$4),"On time","Late"))) | C10: =IF(Received!$A10="","",IF(Received!C10="",IF(TODAY()>DATE(Settings!$B$3,3,Settings!$B$4),"Missing",""),IF(Received!C10<=DATE(Settings!$B$3,3,Settings!$B$4),"On time","Late"))) | D10: =IF(Received!$A10="","",IF(Received!D10="",IF(TODAY()>DATE(Settings!$B$3,4,Settings!$B$4),"Missing",""),IF(Received!D10<=DATE(Settings!$B$3,4,Settings!$B$4),"On time","Late"))) | E10: =IF(Received!$A10="","",IF(Received!E10="",IF(TODAY()>DATE(Settings!$B$3,5,Settings!$B$4),"Missing",""),IF(Received!E10<=DATE(Settings!$B$3,5,Settings!$B$4),"On time","Late"))) | F10: =IF(Received!$A10="","",IF(Received!F10="",IF(TODAY()>DATE(Settings!$B$3,6,Settings!$B$4),"Missing",""),IF(Received!F10<=DATE(Settings!$B$3,6,Settings!$B$4),"On time","Late"))) | G10: =IF(Received!$A10="","",IF(Received!G10="",IF(TODAY()>DATE(Settings!$B$3,7,Settings!$B$4),"Missing",""),IF(Received!G10<=DATE(Settings!$B$3,7,Settings!$B$4),"On time","Late"))) | H10: =IF(Received!$A10="","",IF(Received!H10="",IF(TODAY()>DATE(Settings!$B$3,8,Settings!$B$4),"Missing",""),IF(Received!H10<=DATE(Settings!$B$3,8,Settings!$B$4),"On time","Late"))) | I10: =IF(Received!$A10="","",IF(Received!I10="",IF(TODAY()>DATE(Settings!$B$3,9,Settings!$B$4),"Missing",""),IF(Received!I10<=DATE(Settings!$B$3,9,Settings!$B$4),"On time","Late"))) | J10: =IF(Received!$A10="","",IF(Received!J10="",IF(TODAY()>DATE(Settings!$B$3,10,Settings!$B$4),"Missing",""),IF(Received!J10<=DATE(Settings!$B$3,10,Settings!$B$4),"On time","Late"))) | K10: =IF(Received!$A10="","",IF(Received!K10="",IF(TODAY()>DATE(Settings!$B$3,11,Settings!$B$4),"Missing",""),IF(Received!K10<=DATE(Settings!$B$3,11,Settings!$B$4),"On time","Late"))) | L10: =IF(Received!$A10="","",IF(Received!L10="",IF(TODAY()>DATE(Settings!$B$3,12,Settings!$B$4),"Missing",""),IF(Received!L10<=DATE(Settings!$B$3,12,Settings!$B$4),"On time","Late"))) | M10: =IF(Received!$A10="","",IF(Received!M10="",IF(TODAY()>DATE(Settings!$B$3,13,Settings!$B$4),"Missing",""),IF(Received!M10<=DATE(Settings!$B$3,13,Settings!$B$4),"On time","Late")))
A11: =IF(Received!A11="","",Received!A11) | B11: =IF(Received!$A11="","",IF(Received!B11="",IF(TODAY()>DATE(Settings!$B$3,2,Settings!$B$4),"Missing",""),IF(Received!B11<=DATE(Settings!$B$3,2,Settings!$B$4),"On time","Late"))) | C11: =IF(Received!$A11="","",IF(Received!C11="",IF(TODAY()>DATE(Settings!$B$3,3,Settings!$B$4),"Missing",""),IF(Received!C11<=DATE(Settings!$B$3,3,Settings!$B$4),"On time","Late"))) | D11: =IF(Received!$A11="","",IF(Received!D11="",IF(TODAY()>DATE(Settings!$B$3,4,Settings!$B$4),"Missing",""),IF(Received!D11<=DATE(Settings!$B$3,4,Settings!$B$4),"On time","Late"))) | E11: =IF(Received!$A11="","",IF(Received!E11="",IF(TODAY()>DATE(Settings!$B$3,5,Settings!$B$4),"Missing",""),IF(Received!E11<=DATE(Settings!$B$3,5,Settings!$B$4),"On time","Late"))) | F11: =IF(Received!$A11="","",IF(Received!F11="",IF(TODAY()>DATE(Settings!$B$3,6,Settings!$B$4),"Missing",""),IF(Received!F11<=DATE(Settings!$B$3,6,Settings!$B$4),"On time","Late"))) | G11: =IF(Received!$A11="","",IF(Received!G11="",IF(TODAY()>DATE(Settings!$B$3,7,Settings!$B$4),"Missing",""),IF(Received!G11<=DATE(Settings!$B$3,7,Settings!$B$4),"On time","Late"))) | H11: =IF(Received!$A11="","",IF(Received!H11="",IF(TODAY()>DATE(Settings!$B$3,8,Settings!$B$4),"Missing",""),IF(Received!H11<=DATE(Settings!$B$3,8,Settings!$B$4),"On time","Late"))) | I11: =IF(Received!$A11="","",IF(Received!I11="",IF(TODAY()>DATE(Settings!$B$3,9,Settings!$B$4),"Missing",""),IF(Received!I11<=DATE(Settings!$B$3,9,Settings!$B$4),"On time","Late"))) | J11: =IF(Received!$A11="","",IF(Received!J11="",IF(TODAY()>DATE(Settings!$B$3,10,Settings!$B$4),"Missing",""),IF(Received!J11<=DATE(Settings!$B$3,10,Settings!$B$4),"On time","Late"))) | K11: =IF(Received!$A11="","",IF(Received!K11="",IF(TODAY()>DATE(Settings!$B$3,11,Settings!$B$4),"Missing",""),IF(Received!K11<=DATE(Settings!$B$3,11,Settings!$B$4),"On time","Late"))) | L11: =IF(Received!$A11="","",IF(Received!L11="",IF(TODAY()>DATE(Settings!$B$3,12,Settings!$B$4),"Missing",""),IF(Received!L11<=DATE(Settings!$B$3,12,Settings!$B$4),"On time","Late"))) | M11: =IF(Received!$A11="","",IF(Received!M11="",IF(TODAY()>DATE(Settings!$B$3,13,Settings!$B$4),"Missing",""),IF(Received!M11<=DATE(Settings!$B$3,13,Settings!$B$4),"On time","Late")))
A12: =IF(Received!A12="","",Received!A12) | B12: =IF(Received!$A12="","",IF(Received!B12="",IF(TODAY()>DATE(Settings!$B$3,2,Settings!$B$4),"Missing",""),IF(Received!B12<=DATE(Settings!$B$3,2,Settings!$B$4),"On time","Late"))) | C12: =IF(Received!$A12="","",IF(Received!C12="",IF(TODAY()>DATE(Settings!$B$3,3,Settings!$B$4),"Missing",""),IF(Received!C12<=DATE(Settings!$B$3,3,Settings!$B$4),"On time","Late"))) | D12: =IF(Received!$A12="","",IF(Received!D12="",IF(TODAY()>DATE(Settings!$B$3,4,Settings!$B$4),"Missing",""),IF(Received!D12<=DATE(Settings!$B$3,4,Settings!$B$4),"On time","Late"))) | E12: =IF(Received!$A12="","",IF(Received!E12="",IF(TODAY()>DATE(Settings!$B$3,5,Settings!$B$4),"Missing",""),IF(Received!E12<=DATE(Settings!$B$3,5,Settings!$B$4),"On time","Late"))) | F12: =IF(Received!$A12="","",IF(Received!F12="",IF(TODAY()>DATE(Settings!$B$3,6,Settings!$B$4),"Missing",""),IF(Received!F12<=DATE(Settings!$B$3,6,Settings!$B$4),"On time","Late"))) | G12: =IF(Received!$A12="","",IF(Received!G12="",IF(TODAY()>DATE(Settings!$B$3,7,Settings!$B$4),"Missing",""),IF(Received!G12<=DATE(Settings!$B$3,7,Settings!$B$4),"On time","Late"))) | H12: =IF(Received!$A12="","",IF(Received!H12="",IF(TODAY()>DATE(Settings!$B$3,8,Settings!$B$4),"Missing",""),IF(Received!H12<=DATE(Settings!$B$3,8,Settings!$B$4),"On time","Late"))) | I12: =IF(Received!$A12="","",IF(Received!I12="",IF(TODAY()>DATE(Settings!$B$3,9,Settings!$B$4),"Missing",""),IF(Received!I12<=DATE(Settings!$B$3,9,Settings!$B$4),"On time","Late"))) | J12: =IF(Received!$A12="","",IF(Received!J12="",IF(TODAY()>DATE(Settings!$B$3,10,Settings!$B$4),"Missing",""),IF(Received!J12<=DATE(Settings!$B$3,10,Settings!$B$4),"On time","Late"))) | K12: =IF(Received!$A12="","",IF(Received!K12="",IF(TODAY()>DATE(Settings!$B$3,11,Settings!$B$4),"Missing",""),IF(Received!K12<=DATE(Settings!$B$3,11,Settings!$B$4),"On time","Late"))) | L12: =IF(Received!$A12="","",IF(Received!L12="",IF(TODAY()>DATE(Settings!$B$3,12,Settings!$B$4),"Missing",""),IF(Received!L12<=DATE(Settings!$B$3,12,Settings!$B$4),"On time","Late"))) | M12: =IF(Received!$A12="","",IF(Received!M12="",IF(TODAY()>DATE(Settings!$B$3,13,Settings!$B$4),"Missing",""),IF(Received!M12<=DATE(Settings!$B$3,13,Settings!$B$4),"On time","Late")))
A13: =IF(Received!A13="","",Received!A13) | B13: =IF(Received!$A13="","",IF(Received!B13="",IF(TODAY()>DATE(Settings!$B$3,2,Settings!$B$4),"Missing",""),IF(Received!B13<=DATE(Settings!$B$3,2,Settings!$B$4),"On time","Late"))) | C13: =IF(Received!$A13="","",IF(Received!C13="",IF(TODAY()>DATE(Settings!$B$3,3,Settings!$B$4),"Missing",""),IF(Received!C13<=DATE(Settings!$B$3,3,Settings!$B$4),"On time","Late"))) | D13: =IF(Received!$A13="","",IF(Received!D13="",IF(TODAY()>DATE(Settings!$B$3,4,Settings!$B$4),"Missing",""),IF(Received!D13<=DATE(Settings!$B$3,4,Settings!$B$4),"On time","Late"))) | E13: =IF(Received!$A13="","",IF(Received!E13="",IF(TODAY()>DATE(Settings!$B$3,5,Settings!$B$4),"Missing",""),IF(Received!E13<=DATE(Settings!$B$3,5,Settings!$B$4),"On time","Late"))) | F13: =IF(Received!$A13="","",IF(Received!F13="",IF(TODAY()>DATE(Settings!$B$3,6,Settings!$B$4),"Missing",""),IF(Received!F13<=DATE(Settings!$B$3,6,Settings!$B$4),"On time","Late"))) | G13: =IF(Received!$A13="","",IF(Received!G13="",IF(TODAY()>DATE(Settings!$B$3,7,Settings!$B$4),"Missing",""),IF(Received!G13<=DATE(Settings!$B$3,7,Settings!$B$4),"On time","Late"))) | H13: =IF(Received!$A13="","",IF(Received!H13="",IF(TODAY()>DATE(Settings!$B$3,8,Settings!$B$4),"Missing",""),IF(Received!H13<=DATE(Settings!$B$3,8,Settings!$B$4),"On time","Late"))) | I13: =IF(Received!$A13="","",IF(Received!I13="",IF(TODAY()>DATE(Settings!$B$3,9,Settings!$B$4),"Missing",""),IF(Received!I13<=DATE(Settings!$B$3,9,Settings!$B$4),"On time","Late"))) | J13: =IF(Received!$A13="","",IF(Received!J13="",IF(TODAY()>DATE(Settings!$B$3,10,Settings!$B$4),"Missing",""),IF(Received!J13<=DATE(Settings!$B$3,10,Settings!$B$4),"On time","Late"))) | K13: =IF(Received!$A13="","",IF(Received!K13="",IF(TODAY()>DATE(Settings!$B$3,11,Settings!$B$4),"Missing",""),IF(Received!K13<=DATE(Settings!$B$3,11,Settings!$B$4),"On time","Late"))) | L13: =IF(Received!$A13="","",IF(Received!L13="",IF(TODAY()>DATE(Settings!$B$3,12,Settings!$B$4),"Missing",""),IF(Received!L13<=DATE(Settings!$B$3,12,Settings!$B$4),"On time","Late"))) | M13: =IF(Received!$A13="","",IF(Received!M13="",IF(TODAY()>DATE(Settings!$B$3,13,Settings!$B$4),"Missing",""),IF(Received!M13<=DATE(Settings!$B$3,13,Settings!$B$4),"On time","Late")))
A14: =IF(Received!A14="","",Received!A14) | B14: =IF(Received!$A14="","",IF(Received!B14="",IF(TODAY()>DATE(Settings!$B$3,2,Settings!$B$4),"Missing",""),IF(Received!B14<=DATE(Settings!$B$3,2,Settings!$B$4),"On time","Late"))) | C14: =IF(Received!$A14="","",IF(Received!C14="",IF(TODAY()>DATE(Settings!$B$3,3,Settings!$B$4),"Missing",""),IF(Received!C14<=DATE(Settings!$B$3,3,Settings!$B$4),"On time","Late"))) | D14: =IF(Received!$A14="","",IF(Received!D14="",IF(TODAY()>DATE(Settings!$B$3,4,Settings!$B$4),"Missing",""),IF(Received!D14<=DATE(Settings!$B$3,4,Settings!$B$4),"On time","Late"))) | E14: =IF(Received!$A14="","",IF(Received!E14="",IF(TODAY()>DATE(Settings!$B$3,5,Settings!$B$4),"Missing",""),IF(Received!E14<=DATE(Settings!$B$3,5,Settings!$B$4),"On time","Late"))) | F14: =IF(Received!$A14="","",IF(Received!F14="",IF(TODAY()>DATE(Settings!$B$3,6,Settings!$B$4),"Missing",""),IF(Received!F14<=DATE(Settings!$B$3,6,Settings!$B$4),"On time","Late"))) | G14: =IF(Received!$A14="","",IF(Received!G14="",IF(TODAY()>DATE(Settings!$B$3,7,Settings!$B$4),"Missing",""),IF(Received!G14<=DATE(Settings!$B$3,7,Settings!$B$4),"On time","Late"))) | H14: =IF(Received!$A14="","",IF(Received!H14="",IF(TODAY()>DATE(Settings!$B$3,8,Settings!$B$4),"Missing",""),IF(Received!H14<=DATE(Settings!$B$3,8,Settings!$B$4),"On time","Late"))) | I14: =IF(Received!$A14="","",IF(Received!I14="",IF(TODAY()>DATE(Settings!$B$3,9,Settings!$B$4),"Missing",""),IF(Received!I14<=DATE(Settings!$B$3,9,Settings!$B$4),"On time","Late"))) | J14: =IF(Received!$A14="","",IF(Received!J14="",IF(TODAY()>DATE(Settings!$B$3,10,Settings!$B$4),"Missing",""),IF(Received!J14<=DATE(Settings!$B$3,10,Settings!$B$4),"On time","Late"))) | K14: =IF(Received!$A14="","",IF(Received!K14="",IF(TODAY()>DATE(Settings!$B$3,11,Settings!$B$4),"Missing",""),IF(Received!K14<=DATE(Settings!$B$3,11,Settings!$B$4),"On time","Late"))) | L14: =IF(Received!$A14="","",IF(Received!L14="",IF(TODAY()>DATE(Settings!$B$3,12,Settings!$B$4),"Missing",""),IF(Received!L14<=DATE(Settings!$B$3,12,Settings!$B$4),"On time","Late"))) | M14: =IF(Received!$A14="","",IF(Received!M14="",IF(TODAY()>DATE(Settings!$B$3,13,Settings!$B$4),"Missing",""),IF(Received!M14<=DATE(Settings!$B$3,13,Settings!$B$4),"On time","Late")))
A15: =IF(Received!A15="","",Received!A15) | B15: =IF(Received!$A15="","",IF(Received!B15="",IF(TODAY()>DATE(Settings!$B$3,2,Settings!$B$4),"Missing",""),IF(Received!B15<=DATE(Settings!$B$3,2,Settings!$B$4),"On time","Late"))) | C15: =IF(Received!$A15="","",IF(Received!C15="",IF(TODAY()>DATE(Settings!$B$3,3,Settings!$B$4),"Missing",""),IF(Received!C15<=DATE(Settings!$B$3,3,Settings!$B$4),"On time","Late"))) | D15: =IF(Received!$A15="","",IF(Received!D15="",IF(TODAY()>DATE(Settings!$B$3,4,Settings!$B$4),"Missing",""),IF(Received!D15<=DATE(Settings!$B$3,4,Settings!$B$4),"On time","Late"))) | E15: =IF(Received!$A15="","",IF(Received!E15="",IF(TODAY()>DATE(Settings!$B$3,5,Settings!$B$4),"Missing",""),IF(Received!E15<=DATE(Settings!$B$3,5,Settings!$B$4),"On time","Late"))) | F15: =IF(Received!$A15="","",IF(Received!F15="",IF(TODAY()>DATE(Settings!$B$3,6,Settings!$B$4),"Missing",""),IF(Received!F15<=DATE(Settings!$B$3,6,Settings!$B$4),"On time","Late"))) | G15: =IF(Received!$A15="","",IF(Received!G15="",IF(TODAY()>DATE(Settings!$B$3,7,Settings!$B$4),"Missing",""),IF(Received!G15<=DATE(Settings!$B$3,7,Settings!$B$4),"On time","Late"))) | H15: =IF(Received!$A15="","",IF(Received!H15="",IF(TODAY()>DATE(Settings!$B$3,8,Settings!$B$4),"Missing",""),IF(Received!H15<=DATE(Settings!$B$3,8,Settings!$B$4),"On time","Late"))) | I15: =IF(Received!$A15="","",IF(Received!I15="",IF(TODAY()>DATE(Settings!$B$3,9,Settings!$B$4),"Missing",""),IF(Received!I15<=DATE(Settings!$B$3,9,Settings!$B$4),"On time","Late"))) | J15: =IF(Received!$A15="","",IF(Received!J15="",IF(TODAY()>DATE(Settings!$B$3,10,Settings!$B$4),"Missing",""),IF(Received!J15<=DATE(Settings!$B$3,10,Settings!$B$4),"On time","Late"))) | K15: =IF(Received!$A15="","",IF(Received!K15="",IF(TODAY()>DATE(Settings!$B$3,11,Settings!$B$4),"Missing",""),IF(Received!K15<=DATE(Settings!$B$3,11,Settings!$B$4),"On time","Late"))) | L15: =IF(Received!$A15="","",IF(Received!L15="",IF(TODAY()>DATE(Settings!$B$3,12,Settings!$B$4),"Missing",""),IF(Received!L15<=DATE(Settings!$B$3,12,Settings!$B$4),"On time","Late"))) | M15: =IF(Received!$A15="","",IF(Received!M15="",IF(TODAY()>DATE(Settings!$B$3,13,Settings!$B$4),"Missing",""),IF(Received!M15<=DATE(Settings!$B$3,13,Settings!$B$4),"On time","Late")))
A16: =IF(Received!A16="","",Received!A16) | B16: =IF(Received!$A16="","",IF(Received!B16="",IF(TODAY()>DATE(Settings!$B$3,2,Settings!$B$4),"Missing",""),IF(Received!B16<=DATE(Settings!$B$3,2,Settings!$B$4),"On time","Late"))) | C16: =IF(Received!$A16="","",IF(Received!C16="",IF(TODAY()>DATE(Settings!$B$3,3,Settings!$B$4),"Missing",""),IF(Received!C16<=DATE(Settings!$B$3,3,Settings!$B$4),"On time","Late"))) | D16: =IF(Received!$A16="","",IF(Received!D16="",IF(TODAY()>DATE(Settings!$B$3,4,Settings!$B$4),"Missing",""),IF(Received!D16<=DATE(Settings!$B$3,4,Settings!$B$4),"On time","Late"))) | E16: =IF(Received!$A16="","",IF(Received!E16="",IF(TODAY()>DATE(Settings!$B$3,5,Settings!$B$4),"Missing",""),IF(Received!E16<=DATE(Settings!$B$3,5,Settings!$B$4),"On time","Late"))) | F16: =IF(Received!$A16="","",IF(Received!F16="",IF(TODAY()>DATE(Settings!$B$3,6,Settings!$B$4),"Missing",""),IF(Received!F16<=DATE(Settings!$B$3,6,Settings!$B$4),"On time","Late"))) | G16: =IF(Received!$A16="","",IF(Received!G16="",IF(TODAY()>DATE(Settings!$B$3,7,Settings!$B$4),"Missing",""),IF(Received!G16<=DATE(Settings!$B$3,7,Settings!$B$4),"On time","Late"))) | H16: =IF(Received!$A16="","",IF(Received!H16="",IF(TODAY()>DATE(Settings!$B$3,8,Settings!$B$4),"Missing",""),IF(Received!H16<=DATE(Settings!$B$3,8,Settings!$B$4),"On time","Late"))) | I16: =IF(Received!$A16="","",IF(Received!I16="",IF(TODAY()>DATE(Settings!$B$3,9,Settings!$B$4),"Missing",""),IF(Received!I16<=DATE(Settings!$B$3,9,Settings!$B$4),"On time","Late"))) | J16: =IF(Received!$A16="","",IF(Received!J16="",IF(TODAY()>DATE(Settings!$B$3,10,Settings!$B$4),"Missing",""),IF(Received!J16<=DATE(Settings!$B$3,10,Settings!$B$4),"On time","Late"))) | K16: =IF(Received!$A16="","",IF(Received!K16="",IF(TODAY()>DATE(Settings!$B$3,11,Settings!$B$4),"Missing",""),IF(Received!K16<=DATE(Settings!$B$3,11,Settings!$B$4),"On time","Late"))) | L16: =IF(Received!$A16="","",IF(Received!L16="",IF(TODAY()>DATE(Settings!$B$3,12,Settings!$B$4),"Missing",""),IF(Received!L16<=DATE(Settings!$B$3,12,Settings!$B$4),"On time","Late"))) | M16: =IF(Received!$A16="","",IF(Received!M16="",IF(TODAY()>DATE(Settings!$B$3,13,Settings!$B$4),"Missing",""),IF(Received!M16<=DATE(Settings!$B$3,13,Settings!$B$4),"On time","Late")))
... A34: =IF(Received!A34="","",Received!A34) | B34: =IF(Received!$A34="","",IF(Received!B34="",IF(TODAY()>DATE(Settings!$B$3,2,Settings!$B$4),"Missing",""),IF(Received!B34<=DATE(Settings!$B$3,2,Settings!$B$4),"On time","Late"))) | C34: =IF(Received!$A34="","",IF(Received!C34="",IF(TODAY()>DATE(Settings!$B$3,3,Settings!$B$4),"Missing",""),IF(Received!C34<=DATE(Settings!$B$3,3,Settings!$B$4),"On time","Late"))) | D34: =IF(Received!$A34="","",IF(Received!D34="",IF(TODAY()>DATE(Settings!$B$3,4,Settings!$B$4),"Missing",""),IF(Received!D34<=DATE(Settings!$B$3,4,Settings!$B$4),"On time","Late"))) | E34: =IF(Received!$A34="","",IF(Received!E34="",IF(TODAY()>DATE(Settings!$B$3,5,Settings!$B$4),"Missing",""),IF(Received!E34<=DATE(Settings!$B$3,5,Settings!$B$4),"On time","Late"))) | F34: =IF(Received!$A34="","",IF(Received!F34="",IF(TODAY()>DATE(Settings!$B$3,6,Settings!$B$4),"Missing",""),IF(Received!F34<=DATE(Settings!$B$3,6,Settings!$B$4),"On time","Late"))) | G34: =IF(Received!$A34="","",IF(Received!G34="",IF(TODAY()>DATE(Settings!$B$3,7,Settings!$B$4),"Missing",""),IF(Received!G34<=DATE(Settings!$B$3,7,Settings!$B$4),"On time","Late"))) | H34: =IF(Received!$A34="","",IF(Received!H34="",IF(TODAY()>DATE(Settings!$B$3,8,Settings!$B$4),"Missing",""),IF(Received!H34<=DATE(Settings!$B$3,8,Settings!$B$4),"On time","Late"))) | I34: =IF(Received!$A34="","",IF(Received!I34="",IF(TODAY()>DATE(Settings!$B$3,9,Settings!$B$4),"Missing",""),IF(Received!I34<=DATE(Settings!$B$3,9,Settings!$B$4),"On time","Late"))) | J34: =IF(Received!$A34="","",IF(Received!J34="",IF(TODAY()>DATE(Settings!$B$3,10,Settings!$B$4),"Missing",""),IF(Received!J34<=DATE(Settings!$B$3,10,Settings!$B$4),"On time","Late"))) | K34: =IF(Received!$A34="","",IF(Received!K34="",IF(TODAY()>DATE(Settings!$B$3,11,Settings!$B$4),"Missing",""),IF(Received!K34<=DATE(Settings!$B$3,11,Settings!$B$4),"On time","Late"))) | L34: =IF(Received!$A34="","",IF(Received!L34="",IF(TODAY()>DATE(Settings!$B$3,12,Settings!$B$4),"Missing",""),IF(Received!L34<=DATE(Settings!$B$3,12,Settings!$B$4),"On time","Late"))) | M34: =IF(Received!$A34="","",IF(Received!M34="",IF(TODAY()>DATE(Settings!$B$3,13,Settings!$B$4),"Missing",""),IF(Received!M34<=DATE(Settings!$B$3,13,Settings!$B$4),"On time","Late")))

Sheet Summary
A1: Completeness and timeliness
A2: Completeness: reports received out of facilities listed. Timeliness: reports on time out of facilities listed. Months not yet due stay blank.
A4: Month | B4: Facilities | C4: Received | D4: On time | E4: Late | F4: Missing | G4: Completeness | H4: Timeliness
A5: Jan | B5: =COUNTA(Received!$A$5:$A$34) -> 3 | C5: =COUNT(Received!B$5:B$34) -> 3 | D5: =COUNTIF(Status!B$5:B$34,"On time") -> 2 | E5: =COUNTIF(Status!B$5:B$34,"Late") -> 1 | F5: =COUNTIF(Status!B$5:B$34,"Missing") -> 0 | G5: =IF(OR(B5=0,AND(TODAY()<=DATE(Settings!$B$3,2,Settings!$B$4),C5=0)),"",C5/B5) -> 1 | H5: =IF(G5="","",D5/B5) -> 0.66666667
A6: Feb | B6: =COUNTA(Received!$A$5:$A$34) -> 3 | C6: =COUNT(Received!C$5:C$34) -> 2 | D6: =COUNTIF(Status!C$5:C$34,"On time") -> 2 | E6: =COUNTIF(Status!C$5:C$34,"Late") -> 0 | F6: =COUNTIF(Status!C$5:C$34,"Missing") -> 1 | G6: =IF(OR(B6=0,AND(TODAY()<=DATE(Settings!$B$3,3,Settings!$B$4),C6=0)),"",C6/B6) -> 0.66666667 | H6: =IF(G6="","",D6/B6) -> 0.66666667
A7: Mar | B7: =COUNTA(Received!$A$5:$A$34) -> 3 | C7: =COUNT(Received!D$5:D$34) -> 3 | D7: =COUNTIF(Status!D$5:D$34,"On time") -> 2 | E7: =COUNTIF(Status!D$5:D$34,"Late") -> 1 | F7: =COUNTIF(Status!D$5:D$34,"Missing") -> 0 | G7: =IF(OR(B7=0,AND(TODAY()<=DATE(Settings!$B$3,4,Settings!$B$4),C7=0)),"",C7/B7) -> 1 | H7: =IF(G7="","",D7/B7) -> 0.66666667
A8: Apr | B8: =COUNTA(Received!$A$5:$A$34) -> 3 | C8: =COUNT(Received!E$5:E$34) -> 3 | D8: =COUNTIF(Status!E$5:E$34,"On time") -> 3 | E8: =COUNTIF(Status!E$5:E$34,"Late") -> 0 | F8: =COUNTIF(Status!E$5:E$34,"Missing") -> 0 | G8: =IF(OR(B8=0,AND(TODAY()<=DATE(Settings!$B$3,5,Settings!$B$4),C8=0)),"",C8/B8) -> 1 | H8: =IF(G8="","",D8/B8) -> 1
A9: May | B9: =COUNTA(Received!$A$5:$A$34) -> 3 | C9: =COUNT(Received!F$5:F$34) -> 2 | D9: =COUNTIF(Status!F$5:F$34,"On time") -> 1 | E9: =COUNTIF(Status!F$5:F$34,"Late") -> 1 | F9: =COUNTIF(Status!F$5:F$34,"Missing") -> 1 | G9: =IF(OR(B9=0,AND(TODAY()<=DATE(Settings!$B$3,6,Settings!$B$4),C9=0)),"",C9/B9) -> 0.66666667 | H9: =IF(G9="","",D9/B9) -> 0.33333333
A10: Jun | B10: =COUNTA(Received!$A$5:$A$34) -> 3 | C10: =COUNT(Received!G$5:G$34) -> 3 | D10: =COUNTIF(Status!G$5:G$34,"On time") -> 3 | E10: =COUNTIF(Status!G$5:G$34,"Late") -> 0 | F10: =COUNTIF(Status!G$5:G$34,"Missing") -> 0 | G10: =IF(OR(B10=0,AND(TODAY()<=DATE(Settings!$B$3,7,Settings!$B$4),C10=0)),"",C10/B10) -> 1 | H10: =IF(G10="","",D10/B10) -> 1
A11: Jul | B11: =COUNTA(Received!$A$5:$A$34) -> 3 | C11: =COUNT(Received!H$5:H$34) -> 3 | D11: =COUNTIF(Status!H$5:H$34,"On time") -> 2 | E11: =COUNTIF(Status!H$5:H$34,"Late") -> 1 | F11: =COUNTIF(Status!H$5:H$34,"Missing") -> 0 | G11: =IF(OR(B11=0,AND(TODAY()<=DATE(Settings!$B$3,8,Settings!$B$4),C11=0)),"",C11/B11) -> 1 | H11: =IF(G11="","",D11/B11) -> 0.66666667
A12: Aug | B12: =COUNTA(Received!$A$5:$A$34) -> 3 | C12: =COUNT(Received!I$5:I$34) -> 3 | D12: =COUNTIF(Status!I$5:I$34,"On time") -> 2 | E12: =COUNTIF(Status!I$5:I$34,"Late") -> 1 | F12: =COUNTIF(Status!I$5:I$34,"Missing") -> 0 | G12: =IF(OR(B12=0,AND(TODAY()<=DATE(Settings!$B$3,9,Settings!$B$4),C12=0)),"",C12/B12) -> 1 | H12: =IF(G12="","",D12/B12) -> 0.66666667
A13: Sep | B13: =COUNTA(Received!$A$5:$A$34) -> 3 | C13: =COUNT(Received!J$5:J$34) -> 2 | D13: =COUNTIF(Status!J$5:J$34,"On time") -> 2 | E13: =COUNTIF(Status!J$5:J$34,"Late") -> 0 | F13: =COUNTIF(Status!J$5:J$34,"Missing") -> 1 | G13: =IF(OR(B13=0,AND(TODAY()<=DATE(Settings!$B$3,10,Settings!$B$4),C13=0)),"",C13/B13) -> 0.66666667 | H13: =IF(G13="","",D13/B13) -> 0.66666667
A14: Oct | B14: =COUNTA(Received!$A$5:$A$34) -> 3 | C14: =COUNT(Received!K$5:K$34) -> 0 | D14: =COUNTIF(Status!K$5:K$34,"On time") -> 0 | E14: =COUNTIF(Status!K$5:K$34,"Late") -> 0 | F14: =COUNTIF(Status!K$5:K$34,"Missing") -> 0 | G14: =IF(OR(B14=0,AND(TODAY()<=DATE(Settings!$B$3,11,Settings!$B$4),C14=0)),"",C14/B14) | H14: =IF(G14="","",D14/B14)
A15: Nov | B15: =COUNTA(Received!$A$5:$A$34) -> 3 | C15: =COUNT(Received!L$5:L$34) -> 0 | D15: =COUNTIF(Status!L$5:L$34,"On time") -> 0 | E15: =COUNTIF(Status!L$5:L$34,"Late") -> 0 | F15: =COUNTIF(Status!L$5:L$34,"Missing") -> 0 | G15: =IF(OR(B15=0,AND(TODAY()<=DATE(Settings!$B$3,12,Settings!$B$4),C15=0)),"",C15/B15) | H15: =IF(G15="","",D15/B15)
A16: Dec | B16: =COUNTA(Received!$A$5:$A$34) -> 3 | C16: =COUNT(Received!M$5:M$34) -> 0 | D16: =COUNTIF(Status!M$5:M$34,"On time") -> 0 | E16: =COUNTIF(Status!M$5:M$34,"Late") -> 0 | F16: =COUNTIF(Status!M$5:M$34,"Missing") -> 0 | G16: =IF(OR(B16=0,AND(TODAY()<=DATE(Settings!$B$3,13,Settings!$B$4),C16=0)),"",C16/B16) | H16: =IF(G16="","",D16/B16)

Sheet Settings
A1: Settings
A3: Reporting year | B3: 2026 | C3: The year the reports cover
A4: Deadline day of the following month | B4: 5 | C4: Example: 5 means the January report is due by 5 February
