Workbook

Sheet How to use
B2: Alhaji Ibrahim Mehemoh · Free resource
B5: Stock tracker
B6: Monthly stock balance for a clinic, store or small programme, with months of stock and reorder flags.
B8: HOW TO USE
B9: Step 1 | C9: Use one copy per store per month. Write the store name and month in the file name.
B10: Step 2 | C10: List each item once in the Stock sheet with its unit, for example "tablets" or "vials".
B11: Step 3 | C11: Fill opening stock, quantity received, quantity issued and any losses or adjustments.
B12: Step 4 | C12: Enter the average monthly use, from the last three months if you have it.
B13: Step 5 | C13: Set minimum and maximum months of stock in the Settings sheet. Status turns REORDER or OVERSTOCK by itself.
B15: COLOUR KEY
C16: White cells: type your data here
C17: Grey cells: formulas, do not type over them
C18: Amber rows: an example. Delete or overwrite it when you start
B20: Privacy: do not store patient names, phone numbers or ID numbers in this file.
B22: Free to use and adapt. Please keep this credit line. · alhajiimehemoh.github.io · Need it tailored? alhajiimehemoh@gmail.com

Sheet Stock
A1: Monthly stock balance
A2: Type in white cells. Grey cells calculate automatically. See the How to use sheet.
A4: Item | B4: Unit | C4: Opening stock | D4: Received | E4: Issued | F4: Losses or adjustments | G4: Closing stock | H4: Average monthly use | I4: Months of stock | J4: Status | K4: Notes
A5: Example: Paracetamol 500 mg | B5: tablets | C5: 1200 | D5: 500 | E5: 900 | F5: 0 | G5: =IF(A5="","",C5+D5-E5-F5) -> 800 | H5: 800 | I5: =IF(OR(A5="",N(H5)=0),"",ROUND(G5/H5,1)) -> 1 | J5: =IF(I5="","",IF(I5<Settings!$B$3,"REORDER",IF(I5>Settings!$B$4,"OVERSTOCK","OK"))) -> REORDER | K5: Example row
A6: Example: ORS sachets | B6: sachets | C6: 400 | D6: 600 | E6: 300 | F6: 20 | G6: =IF(A6="","",C6+D6-E6-F6) -> 680 | H6: 250 | I6: =IF(OR(A6="",N(H6)=0),"",ROUND(G6/H6,1)) -> 2.7 | J6: =IF(I6="","",IF(I6<Settings!$B$3,"REORDER",IF(I6>Settings!$B$4,"OVERSTOCK","OK"))) -> OK | K6: Example row
A7: Example: Gloves (box of 100) | B7: boxes | C7: 90 | D7: 0 | E7: 10 | F7: 0 | G7: =IF(A7="","",C7+D7-E7-F7) -> 80 | H7: 10 | I7: =IF(OR(A7="",N(H7)=0),"",ROUND(G7/H7,1)) -> 8 | J7: =IF(I7="","",IF(I7<Settings!$B$3,"REORDER",IF(I7>Settings!$B$4,"OVERSTOCK","OK"))) -> OVERSTOCK | K7: Example row
G8: =IF(A8="","",C8+D8-E8-F8) | I8: =IF(OR(A8="",N(H8)=0),"",ROUND(G8/H8,1)) | J8: =IF(I8="","",IF(I8<Settings!$B$3,"REORDER",IF(I8>Settings!$B$4,"OVERSTOCK","OK")))
G9: =IF(A9="","",C9+D9-E9-F9) | I9: =IF(OR(A9="",N(H9)=0),"",ROUND(G9/H9,1)) | J9: =IF(I9="","",IF(I9<Settings!$B$3,"REORDER",IF(I9>Settings!$B$4,"OVERSTOCK","OK")))
G10: =IF(A10="","",C10+D10-E10-F10) | I10: =IF(OR(A10="",N(H10)=0),"",ROUND(G10/H10,1)) | J10: =IF(I10="","",IF(I10<Settings!$B$3,"REORDER",IF(I10>Settings!$B$4,"OVERSTOCK","OK")))
G11: =IF(A11="","",C11+D11-E11-F11) | I11: =IF(OR(A11="",N(H11)=0),"",ROUND(G11/H11,1)) | J11: =IF(I11="","",IF(I11<Settings!$B$3,"REORDER",IF(I11>Settings!$B$4,"OVERSTOCK","OK")))
G12: =IF(A12="","",C12+D12-E12-F12) | I12: =IF(OR(A12="",N(H12)=0),"",ROUND(G12/H12,1)) | J12: =IF(I12="","",IF(I12<Settings!$B$3,"REORDER",IF(I12>Settings!$B$4,"OVERSTOCK","OK")))
G13: =IF(A13="","",C13+D13-E13-F13) | I13: =IF(OR(A13="",N(H13)=0),"",ROUND(G13/H13,1)) | J13: =IF(I13="","",IF(I13<Settings!$B$3,"REORDER",IF(I13>Settings!$B$4,"OVERSTOCK","OK")))
G14: =IF(A14="","",C14+D14-E14-F14) | I14: =IF(OR(A14="",N(H14)=0),"",ROUND(G14/H14,1)) | J14: =IF(I14="","",IF(I14<Settings!$B$3,"REORDER",IF(I14>Settings!$B$4,"OVERSTOCK","OK")))
G15: =IF(A15="","",C15+D15-E15-F15) | I15: =IF(OR(A15="",N(H15)=0),"",ROUND(G15/H15,1)) | J15: =IF(I15="","",IF(I15<Settings!$B$3,"REORDER",IF(I15>Settings!$B$4,"OVERSTOCK","OK")))
G16: =IF(A16="","",C16+D16-E16-F16) | I16: =IF(OR(A16="",N(H16)=0),"",ROUND(G16/H16,1)) | J16: =IF(I16="","",IF(I16<Settings!$B$3,"REORDER",IF(I16>Settings!$B$4,"OVERSTOCK","OK")))
G17: =IF(A17="","",C17+D17-E17-F17) | I17: =IF(OR(A17="",N(H17)=0),"",ROUND(G17/H17,1)) | J17: =IF(I17="","",IF(I17<Settings!$B$3,"REORDER",IF(I17>Settings!$B$4,"OVERSTOCK","OK")))
G18: =IF(A18="","",C18+D18-E18-F18) | I18: =IF(OR(A18="",N(H18)=0),"",ROUND(G18/H18,1)) | J18: =IF(I18="","",IF(I18<Settings!$B$3,"REORDER",IF(I18>Settings!$B$4,"OVERSTOCK","OK")))
G19: =IF(A19="","",C19+D19-E19-F19) | I19: =IF(OR(A19="",N(H19)=0),"",ROUND(G19/H19,1)) | J19: =IF(I19="","",IF(I19<Settings!$B$3,"REORDER",IF(I19>Settings!$B$4,"OVERSTOCK","OK")))
... G47: =IF(A47="","",C47+D47-E47-F47) | I47: =IF(OR(A47="",N(H47)=0),"",ROUND(G47/H47,1)) | J47: =IF(I47="","",IF(I47<Settings!$B$3,"REORDER",IF(I47>Settings!$B$4,"OVERSTOCK","OK")))

Sheet Settings
A1: Settings
A3: Minimum months of stock | B3: 2 | C3: Below this, Status shows REORDER
A4: Maximum months of stock | B4: 6 | C4: Above this, Status shows OVERSTOCK
A6: These are common starting points. Use the levels your programme or national supply chain guidance sets.
