Workbook

Sheet How to use
B2: Alhaji Ibrahim Mehemoh · Free resource
B5: Training attendance and results tracker
B6: Track who attended each day of a training, how much they learned and who qualifies for a certificate.
B8: HOW TO USE
B9: Step 1 | C9: Fill the training name, dates and rules in the Settings sheet.
B10: Step 2 | C10: Give each participant an ID. Names are optional; use IDs if the file will be shared.
B11: Step 3 | C11: Mark attendance for each day as Y or N from the drop-down.
B12: Step 4 | C12: Enter pre-test and post-test scores as percentages, for example 45%.
B13: Step 5 | C13: Days attended, improvement and certificate eligibility calculate automatically. Delete the three amber example rows when you start.
B15: COLOUR KEY
C16: White cells: type your data here
C17: Grey cells: formulas, do not type over them
C18: Amber rows: an example. Delete or overwrite it when you start
B20: Privacy: do not store patient names, phone numbers or ID numbers in this file.
B22: Free to use and adapt. Please keep this credit line. · alhajiimehemoh.github.io · Need it tailored? alhajiimehemoh@gmail.com

Sheet Participants
A1: Participants
A2: Type in white cells. Grey cells calculate automatically. See the How to use sheet.
A4: Participant ID | B4: Name (optional) | C4: Organisation or facility | D4: Role | E4: Sex | F4: Day 1 | G4: Day 2 | H4: Day 3 | I4: Day 4 | J4: Day 5 | K4: Days attended | L4: Pre-test | M4: Post-test | N4: Improvement (points) | O4: Certificate
A5: EX-01 | C5: Example: PHC A | D5: Nurse | E5: F | F5: Y | G5: Y | H5: Y | K5: =IF(A5="","",COUNTIF(F5:J5,"Y")) -> 3 | L5: 0.45 | M5: 0.8 | N5: =IF(OR(A5="",L5="",M5=""),"",(M5-L5)*100) -> 35 | O5: =IF(A5="","",IF(AND(K5>=Settings!$B$5,N(M5)>=Settings!$B$6),"Yes","No")) -> Yes
A6: EX-02 | C6: Example: PHC B | D6: Data clerk | E6: M | F6: Y | G6: N | H6: Y | K6: =IF(A6="","",COUNTIF(F6:J6,"Y")) -> 2 | L6: 0.5 | M6: 0.75 | N6: =IF(OR(A6="",L6="",M6=""),"",(M6-L6)*100) -> 25 | O6: =IF(A6="","",IF(AND(K6>=Settings!$B$5,N(M6)>=Settings!$B$6),"Yes","No")) -> No
A7: EX-03 | C7: Example: PHC C | D7: CHW supervisor | E7: F | F7: Y | G7: Y | H7: Y | K7: =IF(A7="","",COUNTIF(F7:J7,"Y")) -> 3 | L7: 0.35 | M7: 0.65 | N7: =IF(OR(A7="",L7="",M7=""),"",(M7-L7)*100) -> 30 | O7: =IF(A7="","",IF(AND(K7>=Settings!$B$5,N(M7)>=Settings!$B$6),"Yes","No")) -> No
K8: =IF(A8="","",COUNTIF(F8:J8,"Y")) | N8: =IF(OR(A8="",L8="",M8=""),"",(M8-L8)*100) | O8: =IF(A8="","",IF(AND(K8>=Settings!$B$5,N(M8)>=Settings!$B$6),"Yes","No"))
K9: =IF(A9="","",COUNTIF(F9:J9,"Y")) | N9: =IF(OR(A9="",L9="",M9=""),"",(M9-L9)*100) | O9: =IF(A9="","",IF(AND(K9>=Settings!$B$5,N(M9)>=Settings!$B$6),"Yes","No"))
K10: =IF(A10="","",COUNTIF(F10:J10,"Y")) | N10: =IF(OR(A10="",L10="",M10=""),"",(M10-L10)*100) | O10: =IF(A10="","",IF(AND(K10>=Settings!$B$5,N(M10)>=Settings!$B$6),"Yes","No"))
K11: =IF(A11="","",COUNTIF(F11:J11,"Y")) | N11: =IF(OR(A11="",L11="",M11=""),"",(M11-L11)*100) | O11: =IF(A11="","",IF(AND(K11>=Settings!$B$5,N(M11)>=Settings!$B$6),"Yes","No"))
K12: =IF(A12="","",COUNTIF(F12:J12,"Y")) | N12: =IF(OR(A12="",L12="",M12=""),"",(M12-L12)*100) | O12: =IF(A12="","",IF(AND(K12>=Settings!$B$5,N(M12)>=Settings!$B$6),"Yes","No"))
K13: =IF(A13="","",COUNTIF(F13:J13,"Y")) | N13: =IF(OR(A13="",L13="",M13=""),"",(M13-L13)*100) | O13: =IF(A13="","",IF(AND(K13>=Settings!$B$5,N(M13)>=Settings!$B$6),"Yes","No"))
K14: =IF(A14="","",COUNTIF(F14:J14,"Y")) | N14: =IF(OR(A14="",L14="",M14=""),"",(M14-L14)*100) | O14: =IF(A14="","",IF(AND(K14>=Settings!$B$5,N(M14)>=Settings!$B$6),"Yes","No"))
K15: =IF(A15="","",COUNTIF(F15:J15,"Y")) | N15: =IF(OR(A15="",L15="",M15=""),"",(M15-L15)*100) | O15: =IF(A15="","",IF(AND(K15>=Settings!$B$5,N(M15)>=Settings!$B$6),"Yes","No"))
K16: =IF(A16="","",COUNTIF(F16:J16,"Y")) | N16: =IF(OR(A16="",L16="",M16=""),"",(M16-L16)*100) | O16: =IF(A16="","",IF(AND(K16>=Settings!$B$5,N(M16)>=Settings!$B$6),"Yes","No"))
K17: =IF(A17="","",COUNTIF(F17:J17,"Y")) | N17: =IF(OR(A17="",L17="",M17=""),"",(M17-L17)*100) | O17: =IF(A17="","",IF(AND(K17>=Settings!$B$5,N(M17)>=Settings!$B$6),"Yes","No"))
K18: =IF(A18="","",COUNTIF(F18:J18,"Y")) | N18: =IF(OR(A18="",L18="",M18=""),"",(M18-L18)*100) | O18: =IF(A18="","",IF(AND(K18>=Settings!$B$5,N(M18)>=Settings!$B$6),"Yes","No"))
K19: =IF(A19="","",COUNTIF(F19:J19,"Y")) | N19: =IF(OR(A19="",L19="",M19=""),"",(M19-L19)*100) | O19: =IF(A19="","",IF(AND(K19>=Settings!$B$5,N(M19)>=Settings!$B$6),"Yes","No"))
... K67: =IF(A67="","",COUNTIF(F67:J67,"Y")) | N67: =IF(OR(A67="",L67="",M67=""),"",(M67-L67)*100) | O67: =IF(A67="","",IF(AND(K67>=Settings!$B$5,N(M67)>=Settings!$B$6),"Yes","No"))

Sheet Summary
A1: Training summary
A2: =Settings!B3 -> Example: Data quality for facility staff
A4: Participants | B4: =COUNTA(Participants!$A$5:$A$67) -> 3
A5: Female | B5: =COUNTIF(Participants!$E$5:$E$67,"F") -> 2
A6: Male | B6: =COUNTIF(Participants!$E$5:$E$67,"M") -> 1
A7: Average days attended | B7: =IFERROR(AVERAGE(Participants!$K$5:$K$67),"") -> 2.6666667
A8: Average pre-test | B8: =IFERROR(AVERAGE(Participants!$L$5:$L$67),"") -> 0.43333333
A9: Average post-test | B9: =IFERROR(AVERAGE(Participants!$M$5:$M$67),"") -> 0.73333333
A10: Average improvement (points) | B10: =IFERROR(AVERAGE(Participants!$N$5:$N$67),"") -> 30
A11: Eligible for a certificate | B11: =COUNTIF(Participants!$O$5:$O$67,"Yes") -> 1

Sheet Settings
A1: Settings
A3: Training name | B3: Example: Data quality for facility staff
A4: Number of training days (1 to 5) | B4: 3
A5: Minimum days for a certificate | B5: 3
A6: Minimum post-test score for a certificate | B6: 0.7
